date,Type icon,Type color,type,file name,city,country,coordinates,map link,coord link
2026-01-03T13:48:00,landmark,blue,[[landmark]],Bangsaen Aquarium,[[Chon Buri]],[[Thailand]],"13.285362004793065, 100.92534742339701",https://www.google.com/maps/search/Bangsaen+Aquarium+Chon+Buri+Thailand,"https://www.google.com/maps/search/13.285362004793065, 100.92534742339701"
2026-01-03T07:22:00,landmark,blue,[[landmark]],Bangsaen beach,[[Chon Buri]],[[Thailand]],"13.289705508623022, 100.91387518629492",https://www.google.com/maps/search/Bangsaen+beach+Chon+Buri+Thailand,"https://www.google.com/maps/search/13.289705508623022, 100.91387518629492"
2026-01-02T14:43:00,bed,green,[[hotel]],KyuuScape Pool Villa,[[Chon Buri]],[[Thailand]],"13.299074519603161, 100.9210406075118",https://www.google.com/maps/search/KyuuScape+Pool+Villa+Chon+Buri+Thailand,"https://www.google.com/maps/search/13.299074519603161, 100.9210406075118"
2025-12-31T18:12:00,store,purple,[[market]],Garden of Reeds,[[Chiang Rai]],[[Thailand]],"19.92541562226577, 99.86444608130503",https://www.google.com/maps/search/Garden+of+Reeds+Chiang+Rai+Thailand,"https://www.google.com/maps/search/19.92541562226577, 99.86444608130503"
2025-12-31T14:15:00,landmark,blue,[[landmark]],Choui Fong Tea,[[Chiang Rai]],[[Thailand]],"20.199746682660773, 99.8170902429824",https://www.google.com/maps/search/Choui+Fong+Tea+Chiang+Rai+Thailand,"https://www.google.com/maps/search/20.199746682660773, 99.8170902429824"
2025-12-31T10:59:00,landmark,blue,[[landmark]],Mae Fah Luang Garden สวนแม่ฟ้าหลวง,[[Chiang Rai]],[[Thailand]],"20.29991986696831, 99.85705810628276",https://www.google.com/maps/search/Mae+Fah+Luang+Garden+สวนแม่ฟ้าหลวง+Chiang+Rai+Thailand,"https://www.google.com/maps/search/20.29991986696831, 99.85705810628276"
2025-12-30T14:06:00,landmark,blue,[[landmark]],Wang Put Tan Tea Plantation,[[Chiang Rai]],[[Thailand]],"20.174982081978882, 99.64098036387551",https://www.google.com/maps/search/Wang+Put+Tan+Tea+Plantation+Chiang+Rai+Thailand,"https://www.google.com/maps/search/20.174982081978882, 99.64098036387551"
2025-12-29T21:00:00,bed,green,[[hotel]],Baan Hom Muen Li,[[Chiang Rai]],[[Thailand]],"20.165229818658016, 99.63222251784686",https://www.google.com/maps/search/Baan+Hom+Muen+Li+Chiang+Rai+Thailand,"https://www.google.com/maps/search/20.165229818658016, 99.63222251784686"
2025-12-29T10:24:00,landmark,blue,[[landmark]],Ang Khang Royal Agricultural Station Office,[[Fang]],[[Thailand]],"19.90203425319804, 99.04054973688986",https://www.google.com/maps/search/Ang+Khang+Royal+Agricultural+Station+Office+Fang+Thailand,"https://www.google.com/maps/search/19.90203425319804, 99.04054973688986"
2025-12-28T22:00:00,bed,green,[[hotel]],Ton Fang Hotel,[[Fang]],[[Thailand]],"19.874672192136924, 99.18911502524708",https://www.google.com/maps/search/Ton+Fang+Hotel+Fang+Thailand,"https://www.google.com/maps/search/19.874672192136924, 99.18911502524708"
2025-12-28T18:15:00,store,purple,[[market]],Fang Kalaya Market,[[Fang]],[[Thailand]],"19.915511608992706, 99.20986973381906",https://www.google.com/maps/search/Fang+Kalaya+Market+Fang+Thailand,"https://www.google.com/maps/search/19.915511608992706, 99.20986973381906"
2025-12-28T12:07:00,landmark,blue,[[landmark]],Pang Hwa,[[Chiang Mai]],[[Thailand]],"18.952231834786687, 98.80311496202543",https://www.google.com/maps/search/Pang+Hwa+Chiang+Mai+Thailand,"https://www.google.com/maps/search/18.952231834786687, 98.80311496202543"
2025-12-28T11:06:00,landmark,blue,[[landmark]],Alpaca Sheep Farm Mon Jam,[[Chiang Mai]],[[Thailand]],"18.95490052071346, 98.79509821044654",https://www.google.com/maps/search/Alpaca+Sheep+Farm+Mon+Jam+Chiang+Mai+Thailand,"https://www.google.com/maps/search/18.95490052071346, 98.79509821044654"
2025-12-27T11:13:00,landmark,blue,[[landmark]],Doi Inthanon,[[Chiang Mai]],[[Thailand]],"18.592179298743616, 98.49567349870637",https://www.google.com/maps/search/Doi+Inthanon+Chiang+Mai+Thailand,"https://www.google.com/maps/search/18.592179298743616, 98.49567349870637"
2025-09-06T14:02:00,utensils,red,[[restaurant]],Yum Cha Cuisine Indooroopilly,[[Brisbane]],[[Australia]],"-27.50112627904283, 152.97328378531097",https://www.google.com/maps/search/Yum+Cha+Cuisine+Indooroopilly+Brisbane+Australia,"https://www.google.com/maps/search/-27.50112627904283, 152.97328378531097"
2025-08-29T15:34:00,landmark,blue,[[landmark]],Roma Street Parkland,[[Brisbane]],[[Australia]],"-27.46290655989954, 153.01851549618831",https://www.google.com/maps/search/Roma+Street+Parkland+Brisbane+Australia,"https://www.google.com/maps/search/-27.46290655989954, 153.01851549618831"
2025-08-11T13:01:00,store,purple,[[market]],Brisbane Showgrounds,[[Brisbane]],[[Australia]],"-27.45013818435348, 153.03343265223276",https://www.google.com/maps/search/Brisbane+Showgrounds+Brisbane+Australia,"https://www.google.com/maps/search/-27.45013818435348, 153.03343265223276"
2025-06-21T13:28:00,utensils,red,[[restaurant]],Maru Grill House,[[Brisbane]],[[Australia]],"-27.472130236575072, 153.02780079086114",https://www.google.com/maps/search/Maru+Grill+House+Brisbane+Australia,"https://www.google.com/maps/search/-27.472130236575072, 153.02780079086114"
2025-06-20T16:28:00,landmark,blue,[[landmark]],Westfield Mt Gravatt,[[Brisbane]],[[Australia]],"-27.562399498373505, 153.08312125778298",https://www.google.com/maps/search/Westfield+Mt+Gravatt+Brisbane+Australia,"https://www.google.com/maps/search/-27.562399498373505, 153.08312125778298"
2025-05-02T16:04:00,store,purple,[[market]],Mappins Nursery & Aquarium,[[Brisbane]],[[Australia]],"-27.477455888584508, 153.00796787551826",https://www.google.com/maps/search/Mappins+Nursery+&+Aquarium+Brisbane+Australia,"https://www.google.com/maps/search/-27.477455888584508, 153.00796787551826"
2025-02-22T21:11:00,store,purple,[[market]],Eat Street Northshore,[[Brisbane]],[[Australia]],"-27.44368186739124, 153.08040990990418",https://www.google.com/maps/search/Eat+Street+Northshore+Brisbane+Australia,"https://www.google.com/maps/search/-27.44368186739124, 153.08040990990418"
2025-01-20T18:53:00,landmark,blue,[[landmark]],Siam Center,[[Bangkok]],[[Thailand]],"13.746451255267663, 100.53331626572559",https://www.google.com/maps/search/Siam+Center+Bangkok+Thailand,"https://www.google.com/maps/search/13.746451255267663, 100.53331626572559"
2025-01-20T12:08:00,landmark,blue,[[landmark]],Wat Phra Si Rattana Satsadaram,[[Bangkok]],[[Thailand]],"13.75191876239122, 100.49322108503979",https://www.google.com/maps/search/Wat+Phra+Si+Rattana+Satsadaram+Bangkok+Thailand,"https://www.google.com/maps/search/13.75191876239122, 100.49322108503979"
2025-01-19T18:55:00,landmark,blue,[[landmark]],ICONSIAM,[[Bangkok]],[[Thailand]],"13.72656999051501, 100.51051026387552",https://www.google.com/maps/search/ICONSIAM+Bangkok+Thailand,"https://www.google.com/maps/search/13.72656999051501, 100.51051026387552"
2025-01-19T10:42:00,store,purple,[[market]],Ladmayom Floating Market,[[Bangkok]],[[Thailand]],"13.76168113127479, 100.41659852709716",https://www.google.com/maps/search/Ladmayom+Floating+Market+Bangkok+Thailand,"https://www.google.com/maps/search/13.76168113127479, 100.41659852709716"
2025-01-18T21:16:00,store,purple,[[market]],Jodd Fairs Night Market,[[Bangkok]],[[Thailand]],"13.768216986100231, 100.57192209641138",https://www.google.com/maps/search/Jodd+Fairs+Night+Market+Bangkok+Thailand,"https://www.google.com/maps/search/13.768216986100231, 100.57192209641138"
2025-01-18T17:27:00,landmark,blue,[[landmark]],King Power Mahanakhon,[[Bangkok]],[[Thailand]],"13.724388306558332, 100.5291133559329",https://www.google.com/maps/search/King+Power+Mahanakhon+Bangkok+Thailand,"https://www.google.com/maps/search/13.724388306558332, 100.5291133559329"
2025-01-12T12:13:00,landmark,blue,[[landmark]],Peterskirche,[[Vienna]],[[Austria]],"48.20952352222825, 16.370592694561307",https://www.google.com/maps/search/Peterskirche+Vienna+Austria,"https://www.google.com/maps/search/48.20952352222825, 16.370592694561307"
2025-01-11T11:43:00,store,purple,[[market]],Naschmarkt,[[Vienna]],[[Austria]],"48.198721493895924, 16.363976629489585",https://www.google.com/maps/search/Naschmarkt+Vienna+Austria,"https://www.google.com/maps/search/48.198721493895924, 16.363976629489585"
2025-01-10T16:58:00,landmark,blue,[[landmark]],St. Stephen's Cathedral,[[Vienna]],[[Austria]],"48.20854367377862, 16.373615539282277",https://www.google.com/maps/search/St.+Stephen's+Cathedral+Vienna+Austria,"https://www.google.com/maps/search/48.20854367377862, 16.373615539282277"
2025-01-10T10:55:00,landmark,blue,[[landmark]],Schonbrunn Palace,[[Vienna]],[[Austria]],"48.185894660557906, 16.31339163688986",https://www.google.com/maps/search/Schonbrunn+Palace+Vienna+Austria,"https://www.google.com/maps/search/48.185894660557906, 16.31339163688986"
2025-01-09T14:32:00,landmark,blue,[[landmark]],Jenner,[[Berchtesgaden]],[[Germany]],"47.575497347977745, 13.020408141786206",https://www.google.com/maps/search/Jenner+Berchtesgaden+Germany,"https://www.google.com/maps/search/47.575497347977745, 13.020408141786206"
2025-01-09T12:38:00,landmark,blue,[[landmark]],Pier St. Bartholomew,[[Berchtesgaden]],[[Germany]],"47.544108480959544, 12.972869892711243",https://www.google.com/maps/search/Pier+St.+Bartholomew+Berchtesgaden+Germany,"https://www.google.com/maps/search/47.544108480959544, 12.972869892711243"
2025-01-09T11:18:00,landmark,blue,[[landmark]],Schifffahrt Königssee,[[Berchtesgaden]],[[Germany]],"47.588436123421694, 12.990662178287987",https://www.google.com/maps/search/Schifffahrt+Königssee+Berchtesgaden+Germany,"https://www.google.com/maps/search/47.588436123421694, 12.990662178287987"
2025-01-09T10:23:00,landmark,blue,[[landmark]],Berchtesgaden Hbf,[[Berchtesgaden]],[[Germany]],"47.62635472488874, 12.999652502503931",https://www.google.com/maps/search/Berchtesgaden+Hbf+Berchtesgaden+Germany,"https://www.google.com/maps/search/47.62635472488874, 12.999652502503931"
2025-01-08T15:15:00,landmark,blue,[[landmark]],St. Johann Nepomuk,[[Munich]],[[Germany]],"48.135261542609776, 11.569938385310964",https://www.google.com/maps/search/St.+Johann+Nepomuk+Munich+Germany,"https://www.google.com/maps/search/48.135261542609776, 11.569938385310964"
2025-01-08T11:47:00,landmark,blue,[[landmark]],Schlosspark Nymphenburg,[[Munich]],[[Germany]],"48.155883324759834, 11.494311891213357",https://www.google.com/maps/search/Schlosspark+Nymphenburg+Munich+Germany,"https://www.google.com/maps/search/48.155883324759834, 11.494311891213357"
2025-01-07T11:35:00,landmark,blue,[[landmark]],Zugspitze,[[Garmisch-Partenkirchen]],[[Germany]],"47.42192202710776, 10.985815811100412",https://www.google.com/maps/search/Zugspitze+Garmisch-Partenkirchen+Germany,"https://www.google.com/maps/search/47.42192202710776, 10.985815811100412"
2025-01-06T17:06:00,landmark,blue,[[landmark]],Marienplatz,[[Munich]],[[Germany]],"48.1371305585964, 11.576365935039794",https://www.google.com/maps/search/Marienplatz+Munich+Germany,"https://www.google.com/maps/search/48.1371305585964, 11.576365935039794"
2025-01-06T15:38:00,utensils,red,[[restaurant]],Augustiner Keller,[[Munich]],[[Germany]],"48.1434704237203, 11.552574550382689",https://www.google.com/maps/search/Augustiner+Keller+Munich+Germany,"https://www.google.com/maps/search/48.1434704237203, 11.552574550382689"
2025-01-05T12:50:00,landmark,blue,[[landmark]],MyZeil,[[Frankfurt]],[[Germany]],"50.11484023819293, 8.682127023375905",https://www.google.com/maps/search/MyZeil+Frankfurt+Germany,"https://www.google.com/maps/search/50.11484023819293, 8.682127023375905"
2025-01-05T11:21:00,amphora,pink,[[museum]],Historical Museum,[[Frankfurt]],[[Germany]],"50.1095428886791, 8.683247054056338",https://www.google.com/maps/search/Historical+Museum+Frankfurt+Germany,"https://www.google.com/maps/search/50.1095428886791, 8.683247054056338"
2025-01-04T11:58:00,amphora,pink,[[museum]],Stadel Museum,[[Frankfurt]],[[Germany]],"50.10352160315575, 8.67422192573914",https://www.google.com/maps/search/Stadel+Museum+Frankfurt+Germany,"https://www.google.com/maps/search/50.10352160315575, 8.67422192573914"
2025-01-03T20:07:00,bed,green,[[hotel]],Holiday Inn Gutleutviertel,[[Frankfurt]],[[Germany]],"50.09792574247026, 8.647344974305636",https://www.google.com/maps/search/Holiday+Inn+Gutleutviertel+Frankfurt+Germany,"https://www.google.com/maps/search/50.09792574247026, 8.647344974305636"
2025-01-03T11:37:00,landmark,blue,[[landmark]],Brandenburg Gate,[[Berlin]],[[Germany]],"52.51641497077008, 13.378406838739927",https://www.google.com/maps/search/Brandenburg+Gate+Berlin+Germany,"https://www.google.com/maps/search/52.51641497077008, 13.378406838739927"
2025-01-02T10:35:00,tree-pine,gold,[[sanctuary]],Tierpark Berlin,[[Berlin]],[[Germany]],"52.502920744221235, 13.532012034522573",https://www.google.com/maps/search/Tierpark+Berlin+Berlin+Germany,"https://www.google.com/maps/search/52.502920744221235, 13.532012034522573"
2024-12-31T11:37:00,landmark,blue,[[landmark]],Prague Castle,[[Prague]],[[Czech Republic]],"50.091203290825575, 14.402051017846828",https://www.google.com/maps/search/Prague+Castle+Prague+Czech+Republic,"https://www.google.com/maps/search/50.091203290825575, 14.402051017846828"
2024-12-31T09:43:00,landmark,blue,[[landmark]],Karluv Most,[[Prague]],[[Czech Republic]],"50.08678376224803, 14.410896496376584",https://www.google.com/maps/search/Karluv+Most+Prague+Czech+Republic,"https://www.google.com/maps/search/50.08678376224803, 14.410896496376584"
2024-12-30T15:23:00,landmark,blue,[[landmark]],Vaclavske Namesti,[[Prague]],[[Czech Republic]],"50.08196251743364, 14.427535655116698",https://www.google.com/maps/search/Vaclavske+Namesti+Prague+Czech+Republic,"https://www.google.com/maps/search/50.08196251743364, 14.427535655116698"
2024-12-30T10:54:00,amphora,pink,[[museum]],Franz Kafka Museum,[[Prague]],[[Czech Republic]],"50.088491691831045, 14.410727921518871",https://www.google.com/maps/search/Franz+Kafka+Museum+Prague+Czech+Republic,"https://www.google.com/maps/search/50.088491691831045, 14.410727921518871"
2024-12-30T10:15:00,landmark,blue,[[landmark]],Hlava Franze Kafky,[[Prague]],[[Czech Republic]],"50.081809746534546, 14.421094585297821",https://www.google.com/maps/search/Hlava+Franze+Kafky+Prague+Czech+Republic,"https://www.google.com/maps/search/50.081809746534546, 14.421094585297821"
2024-12-29T16:41:00,landmark,blue,[[landmark]],Muzeum,[[Prague]],[[Czech Republic]],"50.07903022675474, 14.431124456449398",https://www.google.com/maps/search/Muzeum+Prague+Czech+Republic,"https://www.google.com/maps/search/50.07903022675474, 14.431124456449398"
2024-12-29T07:12:00,bed,green,[[hotel]],Diana Club Hotel,[[Budapest]],[[Hungary]],"47.48910324603515, 19.093810908024494",https://www.google.com/maps/search/Diana+Club+Hotel+Budapest+Hungary,"https://www.google.com/maps/search/47.48910324603515, 19.093810908024494"
2024-12-28T16:08:00,store,purple,[[market]],Fashion Street,[[Budapest]],[[Hungary]],"47.4968261275969, 19.05272327212031",https://www.google.com/maps/search/Fashion+Street+Budapest+Hungary,"https://www.google.com/maps/search/47.4968261275969, 19.05272327212031"
2024-12-28T15:06:00,landmark,blue,[[landmark]],Heroes' Square,[[Budapest]],[[Hungary]],"47.51502142588652, 19.07770306433804",https://www.google.com/maps/search/Heroes'+Square+Budapest+Hungary,"https://www.google.com/maps/search/47.51502142588652, 19.07770306433804"
2024-12-28T11:45:00,landmark,blue,[[landmark]],Margitsziget,[[Budapest]],[[Hungary]],"47.52758465841715, 19.04691702910264",https://www.google.com/maps/search/Margitsziget+Budapest+Hungary,"https://www.google.com/maps/search/47.52758465841715, 19.04691702910264"
2024-12-28T09:41:00,landmark,blue,[[landmark]],House of Parliament,[[Budapest]],[[Hungary]],"47.5072224622878, 19.0461678908372",https://www.google.com/maps/search/House+of+Parliament+Budapest+Hungary,"https://www.google.com/maps/search/47.5072224622878, 19.0461678908372"
2024-12-27T14:15:00,landmark,blue,[[landmark]],Fisherman's Bastion,[[Budapest]],[[Hungary]],"47.50234215564995, 19.035215717825945",https://www.google.com/maps/search/Fisherman's+Bastion+Budapest+Hungary,"https://www.google.com/maps/search/47.50234215564995, 19.035215717825945"
2024-12-27T07:21:00,landmark,blue,[[landmark]],BahnhofCity Wien Hauptbahnhof,[[Vienna]],[[Austria]],"48.18580380638646, 16.377807768197034",https://www.google.com/maps/search/BahnhofCity+Wien+Hauptbahnhof+Vienna+Austria,"https://www.google.com/maps/search/48.18580380638646, 16.377807768197034"
2024-12-12T13:51:00,landmark,blue,[[landmark]],Brisbane Botanic Gardens Mt Coot-tha,[[Brisbane]],[[Australia]],"-27.476856128177097, 152.97621514694043",https://www.google.com/maps/search/Brisbane+Botanic+Gardens+Mt+Coot-tha+Brisbane+Australia,"https://www.google.com/maps/search/-27.476856128177097, 152.97621514694043"
2024-11-15T19:59:00,utensils,red,[[restaurant]],Sushi Edo,[[Brisbane]],[[Australia]],"-27.470097959340375, 153.0266180846238",https://www.google.com/maps/search/Sushi+Edo+Brisbane+Australia,"https://www.google.com/maps/search/-27.470097959340375, 153.0266180846238"
2024-11-12T21:25:00,utensils,red,[[restaurant]],The RedBrick Hotel,[[Brisbane]],[[Australia]],"-27.48943359264061, 153.0273398852978",https://www.google.com/maps/search/The+RedBrick+Hotel+Brisbane+Australia,"https://www.google.com/maps/search/-27.48943359264061, 153.0273398852978"
2024-10-13T17:55:00,party-popper,teal,[[recreation]],KPOP Karaoke Southport,[[Gold Coast]],[[Australia]],"-27.968619509285812, 153.41379433685972",https://www.google.com/maps/search/KPOP+Karaoke+Southport+Gold+Coast+Australia,"https://www.google.com/maps/search/-27.968619509285812, 153.41379433685972"
2024-10-13T16:50:00,bed,green,[[hotel]],InterContinental Sanctuary Cove Resort,[[Gold Coast]],[[Australia]],"-27.851978368290478, 153.36045235035405",https://www.google.com/maps/search/InterContinental+Sanctuary+Cove+Resort+Gold+Coast+Australia,"https://www.google.com/maps/search/-27.851978368290478, 153.36045235035405"
2024-10-12T12:44:00,utensils,red,[[restaurant]],George's Cocktail Bar Cafe,[[Gold Coast]],[[Australia]],"-27.85287004373611, 153.36321041463975",https://www.google.com/maps/search/George's+Cocktail+Bar+Cafe+Gold+Coast+Australia,"https://www.google.com/maps/search/-27.85287004373611, 153.36321041463975"
2024-07-20T11:32:00,tree-pine,gold,[[sanctuary]],Currumbin Wildlife Sanctuary,[[Gold Coast]],[[Australia]],"-28.135319285427016, 153.4891404717274",https://www.google.com/maps/search/Currumbin+Wildlife+Sanctuary+Gold+Coast+Australia,"https://www.google.com/maps/search/-28.135319285427016, 153.4891404717274"
2024-07-11T09:00:00,landmark,blue,[[landmark]],Surfers Paradise,[[Gold Coast]],[[Australia]],"-27.99819875548149, 153.4244933056981",https://www.google.com/maps/search/Surfers+Paradise+Gold+Coast+Australia,"https://www.google.com/maps/search/-27.99819875548149, 153.4244933056981"
2024-07-09T10:00:00,landmark,blue,[[landmark]],The University of Queensland,[[Brisbane]],[[Australia]],"-27.49671582478791, 153.0128722163042",https://www.google.com/maps/search/The+University+of+Queensland+Brisbane+Australia,"https://www.google.com/maps/search/-27.49671582478791, 153.0128722163042"
2024-04-02T12:39:00,utensils,red,[[restaurant]],Shiva Indian Restaurant,[[Hua Hin]],[[Thailand]],"12.55976492103322, 99.94124943999445",https://www.google.com/maps/search/Shiva+Indian+Restaurant+Hua+Hin+Thailand,"https://www.google.com/maps/search/12.55976492103322, 99.94124943999445"
2024-04-01T19:00:00,store,purple,[[market]],Cicada Market,[[Hua Hin]],[[Thailand]],"12.53470129244849, 99.96640404666117",https://www.google.com/maps/search/Cicada+Market+Hua+Hin+Thailand,"https://www.google.com/maps/search/12.53470129244849, 99.96640404666117"
2024-03-31T15:00:00,bed,green,[[hotel]],Muban Ban Suk Samran,[[Hua Hin]],[[Thailand]],"12.563044900537514, 99.96151961111585",https://www.google.com/maps/search/Muban+Ban+Suk+Samran+Hua+Hin+Thailand,"https://www.google.com/maps/search/12.563044900537514, 99.96151961111585"
2024-03-31T14:26:00,utensils,red,[[restaurant]],ร้านอาหารโกหมาก,[[Hua Hin]],[[Thailand]],"12.598753212621173, 99.94939937160305",https://www.google.com/maps/search/ร้านอาหารโกหมาก+Hua+Hin+Thailand,"https://www.google.com/maps/search/12.598753212621173, 99.94939937160305"
2024-03-31T11:00:00,amphora,pink,[[museum]],For Art's Sake,[[Hua Hin]],[[Thailand]],"12.607076773020262, 99.94898851988168",https://www.google.com/maps/search/For+Art's+Sake+Hua+Hin+Thailand,"https://www.google.com/maps/search/12.607076773020262, 99.94898851988168"
2024-03-03T06:00:00,landmark,blue,[[landmark]],Khao Chon Kai Training Camp,[[Kanchanaburi]],[[Thailand]],"14.134733501594209, 99.39098142179421",https://www.google.com/maps/search/Khao+Chon+Kai+Training+Camp+Kanchanaburi+Thailand,"https://www.google.com/maps/search/14.134733501594209, 99.39098142179421"
2023-04-12T16:00:00,landmark,blue,[[landmark]],Opera House,[[Sydney]],[[Australia]],"-33.856668575427555, 151.21575267549636",https://www.google.com/maps/search/Opera+House+Sydney+Australia,"https://www.google.com/maps/search/-33.856668575427555, 151.21575267549636"
2019-04-13T14:50:00,landmark,blue,[[landmark]],"Eiger, Mönch and Jungfrau",[[Lauterbrunnen]],[[Switzerland]],"46.57483835044853, 7.975742041690927","https://www.google.com/maps/search/Eiger,+Mönch+and+Jungfrau+Lauterbrunnen+Switzerland","https://www.google.com/maps/search/46.57483835044853, 7.975742041690927"